{
    "DataVersion": 0,
    "Paths": {
        "/": "/8.65411,-1.12434,-71.5262/0,0.992481,0,-0.122401"
    },
    "Entities": [
        {
            "id": "{2ff4adaa-4b38-467f-9385-618c603a0cfe}",
            "type": "Zone",
            "lastEdited": 1599907818512074,
            "name": "Building_platform_zone",
            "locked": true,
            "userData": "{\"grabbableKey\":{\"grabbable\":false}}",
            "position": {
                "x": 84.3787841796875,
                "y": 10.000472068786621,
                "z": 0
            },
            "dimensions": {
                "x": 517.2118530273438,
                "y": 500,
                "z": 569.365478515625
            },
            "rotation": {
                "x": -0.0000152587890625,
                "y": -0.9962157607078552,
                "z": -0.0000457763671875,
                "w": 0.08708322048187256
            },
            "created": 1474394324000000,
            "lastEditedBy": "{f5c2c54c-2d71-4465-9c0b-986f41768e75}",
            "queryAACube": {
                "x": -374.33819580078125,
                "y": -448.7165222167969,
                "z": -458.71697998046875,
                "scale": 917.4339599609375
            },
            "grab": {
                "grabbable": false,
                "equippableLeftRotation": {
                    "x": -0.0000152587890625,
                    "y": -0.0000152587890625,
                    "z": -0.0000152587890625,
                    "w": 1
                },
                "equippableRightRotation": {
                    "x": -0.0000152587890625,
                    "y": -0.0000152587890625,
                    "z": -0.0000152587890625,
                    "w": 1
                }
            },
            "shapeType": "box",
            "keyLight": {
                "color": {
                    "red": 255,
                    "green": 154,
                    "blue": 107
                },
                "intensity": 1.7999999523162842,
                "direction": {
                    "x": 0.23870894312858582,
                    "y": -0.5,
                    "z": 0.8324770331382751
                }
            },
            "ambientLight": {
                "ambientURL": "qrc:////meshes/SKY-SOT-Test-180.png"
            },
            "skybox": {
                "url": "qrc:////meshes/SKY-SOT-Test-180.png"
            },
            "haze": {
                "hazeRange": 200,
                "hazeColor": {
                    "red": 31,
                    "green": 31,
                    "blue": 31
                },
                "hazeGlareColor": {
                    "red": 255,
                    "green": 255,
                    "blue": 255
                },
                "hazeEnableGlare": true,
                "hazeGlareAngle": 40,
                "hazeAltitudeEffect": true,
                "hazeCeiling": 90,
                "hazeBackgroundBlend": 0.550000011920929
            },
            "keyLightMode": "enabled",
            "ambientLightMode": "enabled",
            "skyboxMode": "enabled",
            "hazeMode": "enabled",
            "clientOnly": false,
            "avatarEntity": false,
            "localEntity": false,
            "faceCamera": false,
            "isFacingAvatar": false
        },
        {
            "id": "{b2223039-c213-47e1-9c0c-96e0b9c7192a}",
            "type": "Model",
            "lastEdited": 1599907407166496,
            "name": "builders_grid_bottom",
            "locked": true,
            "userData": "{\"grabbableKey\":{\"grabbable\":false}}",
            "position": {
                "x": 98.48079681396484,
                "y": 0,
                "z": 16.43039321899414
            },
            "dimensions": {
                "x": 99.99999237060547,
                "y": 6.9934210777282715,
                "z": 99.99999237060547
            },
            "rotation": {
                "x": 0.0000152587890625,
                "y": -0.08723580837249756,
                "z": -0.0000152587890625,
                "w": -0.9962157607078552
            },
            "created": 1510081560000000,
            "lastEditedBy": "{7725cfa9-5aef-48a2-842e-296988a9caaa}",
            "queryAACube": {
                "x": 27.68372344970703,
                "y": -70.79707336425781,
                "z": -54.36668014526367,
                "scale": 141.59414672851562
            },
            "grab": {
                "grabbable": false,
                "equippableLeftRotation": {
                    "x": -0.0000152587890625,
                    "y": -0.0000152587890625,
                    "z": -0.0000152587890625,
                    "w": 1
                },
                "equippableRightRotation": {
                    "x": -0.0000152587890625,
                    "y": -0.0000152587890625,
                    "z": -0.0000152587890625,
                    "w": 1
                }
            },
            "density": 8000,
            "restitution": 0.8500000238418579,
            "friction": 0.30000001192092896,
            "shapeType": "simple-compound",
            "modelURL": "qrc:////meshes/builder-grid.fbx",
            "clientOnly": false,
            "avatarEntity": false,
            "localEntity": false,
            "faceCamera": false,
            "isFacingAvatar": false
        },
        {
            "id": "{cd7be9af-1abf-4a78-a275-4298e5410029}",
            "type": "Model",
            "lastEdited": 1599907407166682,
            "name": "builders_grid_bottom",
            "locked": true,
            "userData": "{\"grabbableKey\":{\"grabbable\":false}}",
            "position": {
                "x": 115.84087371826172,
                "y": 0,
                "z": 114.88459777832031
            },
            "dimensions": {
                "x": 99.99999237060547,
                "y": 6.9934210777282715,
                "z": 99.99999237060547
            },
            "rotation": {
                "x": 0.0000152587890625,
                "y": -0.08723580837249756,
                "z": -0.0000152587890625,
                "w": -0.9962157607078552
            },
            "created": 1510081691000000,
            "lastEditedBy": "{7725cfa9-5aef-48a2-842e-296988a9caaa}",
            "queryAACube": {
                "x": 45.043800354003906,
                "y": -70.79707336425781,
                "z": 44.0875244140625,
                "scale": 141.59414672851562
            },
            "grab": {
                "grabbable": false,
                "equippableLeftRotation": {
                    "x": -0.0000152587890625,
                    "y": -0.0000152587890625,
                    "z": -0.0000152587890625,
                    "w": 1
                },
                "equippableRightRotation": {
                    "x": -0.0000152587890625,
                    "y": -0.0000152587890625,
                    "z": -0.0000152587890625,
                    "w": 1
                }
            },
            "density": 8000,
            "restitution": 0.8500000238418579,
            "friction": 0.30000001192092896,
            "shapeType": "simple-compound",
            "modelURL": "qrc:////meshes/builder-grid.fbx",
            "clientOnly": false,
            "avatarEntity": false,
            "localEntity": false,
            "faceCamera": false,
            "isFacingAvatar": false
        },
        {
            "id": "{d0fc29f7-2bf9-4449-8a38-05ea3c9c556d}",
            "type": "Model",
            "lastEdited": 1599907407166200,
            "name": "builders_grid_bottom",
            "locked": true,
            "userData": "{\"grabbableKey\":{\"grabbable\":false}}",
            "position": {
                "x": 0,
                "y": 0,
                "z": 33.795162200927734
            },
            "dimensions": {
                "x": 99.99999237060547,
                "y": 6.9934210777282715,